province territory,health region2,hospital name,type of hospital*,teaching status,intensive care,obstetrics,pediatrics,"mental health 
and addictions",rehabilitation,longterm care,other acute,total,"nicu beds 
and bassinets츾춱츽춶","bed bassinet 
source**",Latitude,Longitude
AB,Calgary Zone,Alberta Childrens Hospital,SPed,Teaching,,,124,,,,,124,14,BDSIO,51.0741654,-114.1463291
AB,Calgary Zone,Canmore General Hospital,G,NonTeaching,,,,,,23,21,44,,BDSIO,51.0930522,-115.3506375
AB,Calgary Zone,Claresholm Centre for Mental Health and Addictions,SMHA,NonTeaching,,,,120,,,,120,,BDSIO,50.0185,-113.57912
AB,Calgary Zone,Claresholm General Hospital,G,NonTeaching,,,,,,,16,16,,BDSIO,50.0186085,-113.5827118
AB,Calgary Zone,Covenant Health Mineral Springs Hospital,"G,E",NonTeaching,,,,,,25,12,37,,BDSIO,52.47306,-8.43056
AB,Calgary Zone,Didsbury District Health Services,G,NonTeaching,,,,,,21,16,37,,BDSIO,51.661913,-114.1237381
AB,Calgary Zone,Foothills Medical Centre,G,Teaching,60,58,,77,45,,762,1002,39,BDSIO,51.0654181,-114.1350557
AB,Calgary Zone,High River General Hospital,G,NonTeaching,,2,,,,50,25,77,,BDSIO,50.5760119,-113.8797403
AB,Calgary Zone,Oilfields General Hospital,G,NonTeaching,,,,,,30,15,45,,BDSIO,50.6780794,-114.2346902
AB,Calgary Zone,Peter Lougheed Centre,G,Teaching,24,50,3,105,,,311,493,27,BDSIO,51.0795221,-113.9845622
AB,Calgary Zone,Rockyview General Hospital,G,Teaching,17,45,,79,50,,386,577,30,BDSIO and BSIO,50.9908499,-114.0971138
AB,Calgary Zone,South Health Campus,G,NonTeaching,12,24,,34,,,184,254,16,BDSIO,50.8822452,-113.9526766
AB,Calgary Zone,Southern Alberta Forensic Psychiatric Centre,SMHA,NonTeaching,,,,33,,,,33,,BDSIO,,
AB,Calgary Zone,Strathmore District Health Services,G,NonTeaching,,,,,,,23,23,,BDSIO,51.0609105,-113.3871809
AB,Calgary Zone,Vulcan Community Health Centre,G,NonTeaching,,,,,,15,8,23,,BDSIO,50.39609,-113.2587609
AB,Central Zone,Consort Hospital and Care Centre,G,NonTeaching,,,,,,15,5,20,,BDSIO,52.00998,-110.78131
AB,Central Zone,Coronation Hospital and Care Centre,G,NonTeaching,,,,,,23,10,33,,BDSIO,52.0964127,-111.4597061
AB,Central Zone,Covenant Health Killam Health Care Centre,"G,E",NonTeaching,,,,,,40,5,45,,BDSIO,52.78914,-111.85895
AB,Central Zone,Covenant Health Our Lady of the Rosary Hospital,"G,E",NonTeaching,,,,,,22,5,27,,BDSIO,52.47306,-8.43056
AB,Central Zone,Covenant Health St. Josephs General Hospital,G,NonTeaching,,,,,,,24,24,,BDSIO,52.47306,-8.43056
AB,Central Zone,Covenant Health St. Marys Hospital [Camrose],G,NonTeaching,,18,,10,,,48,76,,BDSIO,53.01684,-112.83525
AB,Central Zone,Daysland Health Centre,G,NonTeaching,,,,,10,,16,26,,BDSIO,52.8688209,-112.2729078
AB,Central Zone,Drayton Valley Hospital and Care Centre,G,NonTeaching,,,,,4,50,28,82,,BDSIO,53.2116293,-114.9693706
AB,Central Zone,Drumheller Health Centre,G,NonTeaching,,,,,4,96,33,133,,BDSIO,51.4694853,-112.7264813
AB,Central Zone,Hanna Health Centre,G,NonTeaching,,,,,,,17,17,,BDSIO,51.65032,-111.92729
AB,Central Zone,Hardisty Health Centre,G,NonTeaching,,,,,,21,,21,,BDSIO,52.6691809,-111.3076575
AB,Central Zone,Innisfail Health Centre,G,NonTeaching,,,,,,78,28,106,,BDSIO,52.0195056,-113.9516745
AB,Central Zone,Lacombe Hospital and Care Centre,G,NonTeaching,,,,,4,75,31,110,,BDSIO,52.4614172,-113.7405672
AB,Central Zone,Lamont Health Care Centre,"G,E",NonTeaching,,,,,,,15,15,,BDSIO,53.7628126,-112.7877412
AB,Central Zone,Myron Thompson Health Centre,G,NonTeaching,,,,,4,5,14,23,,BDSIO,51.80767,-114.63504
AB,Central Zone,Olds Hospital and Care Centre,G,NonTeaching,,,,,5,45,28,78,,BDSIO and BSIO,51.8014591,-114.1178492
AB,Central Zone,Ponoka Hospital and Care Centre,G,NonTeaching,,,,,11,28,18,57,,BDSIO,52.68481,-113.58882
AB,Central Zone,Provost Health Centre,G,NonTeaching,,,,,,47,15,62,,BDSIO,52.35797,-110.2641
AB,Central Zone,Red Deer Regional Hospital Centre,G,NonTeaching,18,30,10,36,22,,205,321,17,BDSIO,52.2606267,-113.8183868
AB,Central Zone,Rimbey Hospital and Care Centre,G,NonTeaching,,,,,,84,23,107,,BDSIO,52.640227,-114.2461918
AB,Central Zone,Rocky Mountain House Health Centre,G,NonTeaching,,,,,,,31,31,,BDSIO,52.378408,-114.9204712
AB,Central Zone,Stettler Hospital and Care Centre,G,NonTeaching,,,,,4,46,26,76,,BDSIO,52.32395,-112.72317
AB,Central Zone,The Centennial Centre for Mental Health and Brain Injury,SMHA,NonTeaching,,,,282,48,,,330,,BDSIO,,
AB,Central Zone,Three Hills Health Centre,G,NonTeaching,,,,,,24,21,45,,BDSIO,51.70845,-113.25026
AB,Central Zone,Tofield Health Centre,G,NonTeaching,,,,,,50,16,66,,BDSIO,53.37257,-112.64981
AB,Central Zone,Two Hills Health Centre,G,NonTeaching,,,,,12,56,15,83,,BDSIO,53.7127708,-111.7322314
AB,Central Zone,Vermilion Health Centre,G,NonTeaching,,,,,,,25,25,,BDSIO,53.3553441,-110.8723657
AB,Central Zone,Viking Health Centre,G,NonTeaching,,,,,,,16,16,,BDSIO,53.10035,-111.77552
AB,Central Zone,Wainwright Health Centre,G,NonTeaching,,,,,,69,25,94,,BDSIO,52.8411431,-110.8664008
AB,Central Zone,Wetaskiwin Hospital and Care Centre,G,NonTeaching,,5,,,4,28,60,97,,BDSIO,52.98684,-113.36724
AB,Edmonton Zone,Alberta Hospital Edmonton,SMHA,NonTeaching,,,,295,,,,295,,BDSIO,53.636509,-113.3738868
AB,Edmonton Zone,Covenant Health Grey Nuns Community Hospital,G,Teaching,18,44,,66,,,217,345,25,BDSIO,52.47306,-8.43056
AB,Edmonton Zone,Covenant Health Misericordia Community Hospital,G,Teaching,18,28,,25,13,,177,261,16,BDSIO,52.47306,-8.43056
AB,Edmonton Zone,Covenant Health Villa Caritas,SMHA,NonTeaching,,,,150,,,,150,,BDSIO,53.5229,-113.60839
AB,Edmonton Zone,Cross Cancer Institute,C,NonTeaching,,,,,,,55,55,,BDSIO,53.5181792,-113.5310473
AB,Edmonton Zone,Devon General Hospital,G,NonTeaching,,,,,,22,2,24,,BDSIO,53.3512408,-113.7306459
AB,Edmonton Zone,Fort Saskatchewan Community Hospital,G,NonTeaching,,,,,,,36,36,,BDSIO,53.6919488,-113.2111939
AB,Edmonton Zone,Glenrose Rehabilitation Hospital,R,NonTeaching,,,,48,196,,,244,,BDSIO,53.5602463,-113.4983479
AB,Edmonton Zone,Leduc Community Hospital,G,NonTeaching,,,,,,,74,74,,BDSIO,53.2551297,-113.5460362
AB,Edmonton Zone,Royal Alexandra Hospital,G,Teaching,35,58,,61,28,,600,782,69,BDSIO,55.8353503,-4.4361383
AB,Edmonton Zone,Sturgeon Community Hospital,G,NonTeaching,13,24,,,,,107,144,6,BDSIO,53.6557138,-113.6263815
AB,Edmonton Zone,University of Alberta Hospital,G,Teaching,123,,,26,,,665,814,18,BDSIO,53.5206381,-113.5231946
AB,Edmonton Zone,WestView Health Centre,G,NonTeaching,,,,,,40,29,69,,BDSIO,53.5373869,-113.9761205
AB,North Zone,Athabasca Healthcare Centre,G,NonTeaching,,,,,,23,27,50,,BDSIO,54.7181503,-113.2557782
AB,North Zone,Barrhead Healthcare Centre,G,NonTeaching,,,,,,,34,34,,BDSIO,54.1190747,-114.4002124
AB,North Zone,Beaverlodge Municipal Hospital,G,NonTeaching,,,,,,,18,18,,BDSIO,52.47306,-8.43056
AB,North Zone,Boyle Healthcare Centre,G,NonTeaching,,,,,,,20,20,,BDSIO,54.5833015,-112.8000031
AB,North Zone,Central Peace Health Complex,G,NonTeaching,,,,,,16,12,28,,BDSIO,55.7769019,-118.8387251
AB,North Zone,Cold Lake Healthcare Centre,G,NonTeaching,,,,,,31,24,55,,BDSIO,54.4682304,-110.1965054
AB,North Zone,Covenant Health Bonnyville Healthcare Centre,"G,E",NonTeaching,,,,,,30,33,63,,BDSIO,54.26381,-110.73893
AB,North Zone,Edson Healthcare Centre,G,NonTeaching,,,,,,,24,24,,BDSIO,53.5909137,-116.4065859
AB,North Zone,Elk Point Healthcare Centre,G,NonTeaching,,,,,,30,12,42,,BDSIO,53.8981875,-110.9080686
AB,North Zone,Fairview Health Complex,G,NonTeaching,,,,,,66,25,91,,BDSIO,56.0718653,-118.3855269
AB,North Zone,Fox Creek Healthcare Centre,G,NonTeaching,,,,,,,4,4,,BDSIO,54.404711,-116.8014235
AB,North Zone,George McDougall Smoky Lake Healthcare Centre,G,NonTeaching,,,,,,23,12,35,,BDSIO,54.1212783,-112.4652557
AB,North Zone,Grande Cache Community Health Complex,G,NonTeaching,,,,,,,12,12,,BDSIO,53.89152,-119.11913
AB,North Zone,High Prairie Health Complex,G,NonTeaching,,,,,,,30,30,,BDSIO,55.4315865,-116.4554842
AB,North Zone,Hinton Healthcare Centre,G,NonTeaching,,,,,,,23,23,,BDSIO,53.3986181,-117.5854599
AB,North Zone,Manning Community Health Centre,G,NonTeaching,,,,,,16,11,27,,BDSIO,56.9277811,-117.6211366
AB,North Zone,Mayerthorpe Healthcare Centre,G,NonTeaching,,,,,20,20,20,60,,BDSIO,53.9485825,-115.1315618
AB,North Zone,Northern Lights Regional Health Centre,G,NonTeaching,6,13,6,10,,41,59,135,,BDSIO,56.7170176,-111.3612464
AB,North Zone,Northwest Health Centre,G,NonTeaching,,,,,,11,21,32,,BDSIO,58.5130918,-117.1618954
AB,North Zone,Peace River Community Health Centre,G,NonTeaching,,,,,6,34,34,74,,BDSIO,56.230417,-117.3537166
AB,North Zone,Queen Elizabeth II Hospital,G,NonTeaching,6,22,10,18,,,110,166,10,BDSIO,51.7829696,-0.1884324
AB,North Zone,Redwater Health Centre,G,NonTeaching,,,,,,7,14,21,,BDSIO,53.9496334,-113.1258359
AB,North Zone,Sacred Heart Community Health Centre,G,NonTeaching,,,,,,,20,20,,BDSIO,46.6235081,-61.0149132
AB,North Zone,Seton (Jasper) Healthcare Centre,G,NonTeaching,,,,,,,11,11,,BDSIO,52.87604,-118.08366
AB,North Zone,Slave Lake Healthcare Centre,G,NonTeaching,,,,,,20,24,44,,BDSIO,55.2845,-114.76031
AB,North Zone,St. Theresa General Hospital,G,NonTeaching,,,,,,8,26,34,,BDSIO,58.3856983,-116.0121947
AB,North Zone,St. Therese-St. Paul Healthcare Centre,G,NonTeaching,,,,12,,30,30,72,,BDSIO,53.98886,-111.28976
AB,North Zone,Swan Hills Healthcare Centre,G,NonTeaching,,,,,,,6,6,,BDSIO,54.7269577,-115.4029432
AB,North Zone,Valleyview Health Centre,G,NonTeaching,,,,,,25,20,45,,BDSIO,55.0661623,-117.2742731
AB,North Zone,Wabasca Desmarais Healthcare Centre,G,NonTeaching,,,,,,,10,10,,BDSIO,55.94304,-113.80256
AB,North Zone,Westlock Healthcare Centre,G,NonTeaching,,,,,8,120,46,174,,BDSIO and BSIO,54.1476037,-113.853461
AB,North Zone,Whitecourt Healthcare Centre,G,NonTeaching,,,,,,,22,22,,BDSIO,54.1316755,-115.6746726
AB,North Zone,William J. Cadzow - Lac La Biche Healthcare Centre,G,NonTeaching,,,,,,41,23,64,,BDSIO,54.7645705,-111.9649593
AB,South Zone,Bassano Health Centre,G,NonTeaching,,,,,,8,4,12,,BDSIO,50.7898148,-112.4615605
AB,South Zone,Big Country Hospital,G,NonTeaching,,,,,,30,10,40,,BDSIO,51.3511978,-110.4793321
AB,South Zone,Bow Island Health Centre,G,NonTeaching,,,,,,20,10,30,,BDSIO,49.86571,-111.37702
AB,South Zone,Brooks Health Centre,G,NonTeaching,,,,,,,37,37,,BDSIO,50.5685656,-111.8889535
AB,South Zone,Cardston Health Centre,G,NonTeaching,,,,,,14,19,33,,BDSIO,49.20194,-113.30536
AB,South Zone,Chinook Regional Hospital,G,NonTeaching,14,31,11,46,25,,150,277,16,BDSIO,49.6852205,-112.8162087
AB,South Zone,Crowsnest Pass Health Centre,G,NonTeaching,,,,,,58,16,74,,BDSIO,49.61627,-114.45785
AB,South Zone,Medicine Hat Regional Hospital,G,NonTeaching,10,18,10,30,30,,95,193,7,BDSIO,50.0357378,-110.7036419
AB,South Zone,Pincher Creek Health Centre,"G,E",NonTeaching,,,,,,,19,19,,BDSIO,49.4933558,-113.9469713
AB,South Zone,Raymond Health Centre,G,NonTeaching,,,,,,5,12,17,,BDSIO,49.4643085,-112.6510416
AB,South Zone,Taber Health Centre,G,NonTeaching,,,,,,10,19,29,,BDSIO,49.7854941,-112.1660965
BC,Fraser Health,Abbotsford Regional Hospital and Cancer Centre,"G,SMHA",NonTeaching,16,24,12,27,,,182,261,10,BDSIO and BSIO,49.03732,-122.31223
BC,Fraser Health,Burnaby Hospital,"G,SOth,SMHA",NonTeaching,9,12,,25,,,216,262,6,BDSIO and BSIO,49.2496569,-123.0154533
BC,Fraser Health,Chilliwack General Hospital,"G,E,SMHA",NonTeaching,6,10,,14,,90,117,237,,BDSIO,49.1673064,-121.9648572
BC,Fraser Health,Delta Hospital,"E,G",NonTeaching,,,,,,92,58,150,,BDSIO,49.0856768,-123.0618566
BC,Fraser Health,Eagle Ridge Hospital,"E,G",NonTeaching,,,,,,75,168,243,,BDSIO,49.2855374,-122.8236997
BC,Fraser Health,Fraser Canyon Hospital,"E,G",NonTeaching,,,,,,50,10,60,,BDSIO,49.3769037,-121.4241976
BC,Fraser Health,Langley Memorial Hospital,"E,G,SMHA",NonTeaching,12,14,9,18,,202,135,390,,BDSIO,49.0943147,-122.611567
BC,Fraser Health,Mission Memorial Hospital,"E,G",NonTeaching,,,,,,200,46,246,,BDSIO,49.1351369,-122.331169
BC,Fraser Health,Peace Arch Hospital,"E,G,SMHA",NonTeaching,7,7,,11,20,262,126,433,,BDSIO,49.0303878,-122.7923187
BC,Fraser Health,Queens Park & Fellburn Care Centres,"E,R",NonTeaching,,,,,77,150,,227,,BDSIO,44.16429,2.40929
BC,Fraser Health,Ridge Meadows Hospital and Health Care Centre,"G,E,SMHA",NonTeaching,7,12,,20,25,148,93,305,,BDSIO,49.21595,-122.63224
BC,Fraser Health,Royal Columbian Hospital,"G,SMHA,SPed",Teaching,51,28,12,69,,,281,441,24,BDSIO and BSIO,49.2266779,-122.8914789
BC,Fraser Health,Surrey Memorial Hospital,"G,SMHA",Teaching,41,39,16,83,20,,423,622,36,BDSIO and BSIO,49.1761946,-122.842818
BC,Interior Health,100 Mile District General Hospital,"G,E",NonTeaching,,,,,,93,16,109,,BDSIO,51.6386088,-121.292176
BC,Interior Health,Arrow Lakes Hospital,"G,E",NonTeaching,,,,,,16,6,22,,BDSIO,50.238755,-117.794981
BC,Interior Health,Boundary Hospital,"G,E",NonTeaching,,,,,,79,12,91,,BDSIO,9.0622837,76.5315174
BC,Interior Health,Cariboo Memorial Hospital,"G,E",NonTeaching,3,5,,,,28,20,56,,BDSIO,52.1374379,-122.1442557
BC,Interior Health,Creston Valley Hospital,G,NonTeaching,,,,,,,16,16,,BDSIO,49.0985043,-116.5075778
BC,Interior Health,Dr. Helmcken Memorial Hospital,"G,E",NonTeaching,,,,,,21,6,27,,BDSIO,51.6455115,-120.018302
BC,Interior Health,East Kootenay Regional Hospital,"G,SMHA",NonTeaching,6,4,2,10,,,55,77,,BDSIO,49.5124217,-115.7502572
BC,Interior Health,Elk Valley Hospital,G,NonTeaching,,,,,,,20,20,,BDSIO,49.5137021,-115.05659
BC,Interior Health,Golden and District General Hospital,"G,E",NonTeaching,,,,,,,8,8,,BDSIO,52.47306,-8.43056
BC,Interior Health,Hillside Centre,SMHA,NonTeaching,,,,47,,,,47,,BDSIO,53.5574666,-113.8947345
BC,Interior Health,Invermere and District Hospital,"G,E",NonTeaching,,,,,,35,8,43,,BDSIO,52.47306,-8.43056
BC,Interior Health,Kelowna General Hospital,G,Teaching,30,17,10,44,38,,302,441,6,BDSIO and BSIO,49.872776,-119.491352
BC,Interior Health,Kootenay Boundary Regional Hospital,"G,SMHA,E",NonTeaching,6,3,4,12,,49,50,124,,BDSIO,49.1030776,-117.7016573
BC,Interior Health,Kootenay Lake Hospital,G,NonTeaching,,,,,,,30,30,,BDSIO,49.4946571,-117.2853277
BC,Interior Health,Lillooet Hospital and Health Centre,G,NonTeaching,,,,,,,6,6,,BDSIO,50.6895,-121.93882
BC,Interior Health,Nicola Valley Health Centre,G,NonTeaching,,,,,,,8,8,,BDSIO,50.122,-120.77179
BC,Interior Health,Overlander Extended Care Hospital,E,NonTeaching,,,,,,,,189,,RBC,50.7035041,-120.3952499
BC,Interior Health,Penticton Regional Hospital,"G,SMHA,E",NonTeaching,7,12,7,15,14,102,100,257,,BDSIO,49.481665,-119.5773374
BC,Interior Health,Princeton General Hospital,"G,E",NonTeaching,,,,,,37,6,43,,BDSIO,49.4544631,-120.5265608
BC,Interior Health,Queen Victoria Hospital,"G,E",NonTeaching,,,,,,44,10,54,,BDSIO,51.1351092,-0.0020764
BC,Interior Health,Royal Inland Hospital,"G,SMHA,E",NonTeaching,20,12,9,68,32,,157,298,8,BDSIO and BSIO,50.6694781,-120.3344289
BC,Interior Health,Shuswap Lake General Hospital,G,NonTeaching,3,3,,,,,37,43,,BDSIO,50.7042416,-119.2744055
BC,Interior Health,South Okanagan General Hospital,"G,E",NonTeaching,,,,,,75,18,93,,BDSIO,49.1834929,-119.5389704
BC,Interior Health,Vernon Jubilee Hospital,"G,SMHA",NonTeaching,10,15,,17,,,144,186,,BDSIO,50.2574944,-119.2725565
BC,Island Health,Cormorant Island Community Health Centre,"E,G",NonTeaching,,,,,,10,4,14,,BDSIO,28.29722,83.89556
BC,Island Health,Cowichan District Hospital,"G,SMHA",NonTeaching,7,8,2,15,,,102,134,,BDSIO,48.8158545,-123.7105449
BC,Island Health,Juan de Fuca Hospitals,E,NonTeaching,,,,,,,,487,,RBC,,
BC,Island Health,Lady Minto Gulf Islands Hospital,"E,G",NonTeaching,,,,,,,20,20,,BDSIO,48.8625541,-123.5087283
BC,Island Health,Mount St. Mary Hospital,E,NonTeaching,,,,,,,,200,,RBC,43.1540721,-79.0325315
BC,Island Health,Nanaimo Regional General Hospital,"G,SMHA",NonTeaching,14,19,8,31,25,,242,339,9,BDSIO,49.1848266,-123.9698448
BC,Island Health,Port Hardy Hospital,"E,G",NonTeaching,,,,,,22,12,34,,BDSIO,50.720009,-127.5028043
BC,Island Health,Port McNeill and District Hospital,G,NonTeaching,,,,,,,10,10,,BDSIO,52.47306,-8.43056
BC,Island Health,Queen Alexandra Centre for Childrens Health,SPed,NonTeaching,,,14,,,,,14,,BDSIO,48.4717,-123.29903
BC,Island Health,Royal Jubilee Hospital,"G,SMHA",Teaching,31,,,85,32,,359,507,,BDSIO,48.4326448,-123.326678
BC,Island Health,Saanich Peninsula Hospital,"E,G",NonTeaching,,,,,,,65,65,,BDSIO,48.5963986,-123.409674
BC,Island Health,The North Island Hospital Campbell River and District Campus,G,NonTeaching,13,7,3,,,,82,105,,BDSIO,49.71251512,-124.9702673
BC,Island Health,The North Island Hospital Comox Valley Campus,"G,SMHA",NonTeaching,14,7,3,15,,,107,146,,BDSIO,49.71256368,-124.9700849
BC,Island Health,Tofino General Hospital,G,NonTeaching,,,,,,,10,10,,BDSIO,49.1513631,-125.9086901
BC,Island Health,Victoria General Hospital,G,Teaching,14,36,20,,20,,262,352,22,BDSIO,48.4665512,-123.4322551
BC,Island Health,West Coast General Hospital,G,NonTeaching,3,4,,7,,,38,52,,BDSIO,49.248547,-124.7821234
BC,Northern Health,Bulkley Valley District Hospital,G,NonTeaching,,2,,,,,13,15,,BDSIO,54.7850389,-127.163183
BC,Northern Health,Chetwynd Hospital and Health Centre,G,NonTeaching,,,,,,,4,4,,BDSIO,55.69666,-121.64411
BC,Northern Health,Dawson Creek and District Hospital,G,NonTeaching,3,3,,10,,,24,40,,BDSIO and BSIO,52.47306,-8.43056
BC,Northern Health,Fort Nelson General Hospital,G,NonTeaching,,,,,,,6,6,,BDSIO,58.8089455,-122.7049735
BC,Northern Health,Fort St. John Hospital and Health Centre,G,NonTeaching,4,6,,,,,29,39,,BDSIO and BSIO,56.25623,-120.81577
BC,Northern Health,G. R. Baker Memorial Hospital,G,NonTeaching,3,,,5,,,24,32,,BDSIO,52.980999,-122.4994967
BC,Northern Health,Haida Gwaii Hospital and Health Centre,G,NonTeaching,,,,,,,5,5,,BDSIO,53.254914,-132.0700714
BC,Northern Health,Kitimat Hospital and Health Centre,G,NonTeaching,,,,,,,14,14,,BDSIO,54.0505161,-128.6469428
BC,Northern Health,Lakes District Hospital and Health Centre,G,NonTeaching,,,,,,,8,8,,BDSIO,54.2356083,-125.761231
BC,Northern Health,Mackenzie and District Hospital and Health Centre,G,NonTeaching,,,,,,,4,4,,BDSIO,55.33771,-123.10016
BC,Northern Health,McBride and District Hospital,G,NonTeaching,,,,,,,2,2,,BDSIO,53.3010371,-120.161701
BC,Northern Health,Mills Memorial Hospital,"G,SMHA",NonTeaching,2,3,,9,,,29,43,,BDSIO,54.5103224,-128.596153
BC,Northern Health,Northern Haida Gwaii Hospital and Health Centre,G,NonTeaching,,,,,,,3,3,,BDSIO,54.0204029,-132.1573868
BC,Northern Health,Prince Rupert Regional Hospital,G,NonTeaching,1,,,,,,22,23,,BDSIO,54.3048397,-130.330281
BC,Northern Health,St. John Hospital,G,NonTeaching,,,,,,,11,11,,BDSIO,22.2080841,114.0313606
BC,Northern Health,Stuart Lake Hospital,G,NonTeaching,,,,,,,5,5,,BDSIO,54.4405068,-124.2420366
BC,Northern Health,University Hospital of Northern British Columbia,"G,SMHA",Teaching,9,11,4,26,22,98,153,323,14,BDSIO and BSIO,53.9115057,-122.7643265
BC,Northern Health,Wrinch Memorial Hospital,G,NonTeaching,,,,,,,10,10,,BDSIO,55.2595718,-127.6512807
BC,Provincial Health Services Authority,BC Cancer Agency,C,Teaching,,,,,,,17,17,,BSIO,49.2618477,-123.119013
BC,Provincial Health Services Authority,Childrens and Womens Health Centre of British Columbia,"SOth,SPed,SMHA",Teaching,12,81,,51,14,,105,263,69,BSIO,53.99983,-125.0032
BC,Provincial Health Services Authority,Forensic Psychiatric Hospital,SMHA,NonTeaching,,,,190,,,,190,,BSIO,49.2282168,-122.8112778
BC,Vancouver Coastal Health,Bella Coola General Hospital,G,NonTeaching,,,,,,,14,14,,BDSIO,52.3734659,-126.7572554
BC,Vancouver Coastal Health,G. F. Strong Rehabilitation Centre,R,NonTeaching,,,,,62,,,62,,BDSIO,49.2471022,-123.1257628
BC,Vancouver Coastal Health,George Pearson Centre,E,NonTeaching,,,,,,114,,114,,BDSIO,49.2187476,-123.1210636
BC,Vancouver Coastal Health,Lions Gate Hospital,"E,G,SMHA",NonTeaching,9,21,8,43,17,284,162,544,6,BDSIO,49.3209784,-123.0676719
BC,Vancouver Coastal Health,Louis Brier Home and Hospital,E,NonTeaching,,,,,,,,218,,RBC,49.2346366,-123.1292727
BC,Vancouver Coastal Health,Powell River General Hospital,"G,E,SMHA",NonTeaching,4,2,,7,,75,20,108,,BDSIO,49.850865,-124.5183265
BC,Vancouver Coastal Health,Providence Health Care - Holy Family Hospital,"E,R",NonTeaching,,,,,65,126,,191,,BDSIO,24.8714,67.0306
BC,Vancouver Coastal Health,Providence Health Care - Mount Saint Joseph Hospital,E,Teaching,6,,,16,,100,72,194,,BDSIO,52.47306,-8.43056
BC,Vancouver Coastal Health,R. W. Large Memorial Hospital,G,NonTeaching,,,,,,,16,16,,BDSIO,52.161245,-128.1434898
BC,Vancouver Coastal Health,Squamish General Hospital,G,NonTeaching,,4,,,,,16,20,,BDSIO,49.6980368,-123.1409236
BC,Vancouver Coastal Health,St. Marys Hospital [Sechelt],"G,E,SMHA",NonTeaching,8,3,,6,,49,29,95,,BDSIO,49.4761996,-123.7484835
BC,Vancouver Coastal Health,St. Pauls and Mount Saint Joseph Hospital,"G,SMHA",Teaching,35,22,,67,,,298,422,9,BDSIO,52.47306,-8.43056
BC,Vancouver Coastal Health,The Richmond Hospital,"G,SMHA",NonTeaching,8,15,3,22,,,174,222,6,BDSIO,49.1266189,-123.1840327
BC,Vancouver Coastal Health,Vancouver General Hospital and UBC Hospital - UBC Hospital,"E,G,SMHA",Teaching,,,,40,,244,42,326,,BDSIO,52.47306,-8.43056
BC,Vancouver Coastal Health,Vancouver General Hospital and UBC Hospital - Vancouver General Hospital,"G,E,SMHA",Teaching,38,,,84,,156,648,926,,BDSIO,52.47306,-8.43056
MB,Interlake된astern Regional Health Authority,Arborg and Districts Health Centre,G,NonTeaching,,,,,,,14,14,,BDSIO,50.90624,-97.22543
MB,Interlake된astern Regional Health Authority,Beausejour District Hospital,G,NonTeaching,,,,,,,30,30,,BDSIO,52.47306,-8.43056
MB,Interlake된astern Regional Health Authority,E. M. Crowe Memorial Hospital,G,NonTeaching,,,,,,,13,13,,BDSIO,52.47306,-8.43056
MB,Interlake된astern Regional Health Authority,Gimli Community Health Centre,G,NonTeaching,,,,,,,26,26,,BDSIO,50.6277166,-96.9941028
MB,Interlake된astern Regional Health Authority,Lakeshore Health Centre,G,NonTeaching,,,,,,,14,14,,BDSIO,43.2011715,-79.2530363
MB,Interlake된astern Regional Health Authority,Pinawa Hospital,G,NonTeaching,,,,,,,17,17,,BDSIO,50.1512382,-95.8835346
MB,Interlake된astern Regional Health Authority,Pine Falls Health Complex,G,NonTeaching,,,,,,,23,23,,BDSIO,50.5633905,-96.2151151
MB,Interlake된astern Regional Health Authority,Selkirk Regional Health Centre,G,NonTeaching,,8,,,,,53,61,,BDSIO,50.15761,-96.88734
MB,Interlake된astern Regional Health Authority,Stonewall and District Health Centre,G,NonTeaching,,,,,,,15,15,,BDSIO,50.1312116,-97.3354305
MB,Interlake된astern Regional Health Authority,Teulon Hunter Memorial Hospital,G,NonTeaching,,,,,,,20,20,,BDSIO,52.47306,-8.43056
MB,Northern Health Region,Flin Flon General Hospital,G,NonTeaching,,,,,,,33,33,,BDSIO,54.7651164,-101.8777507
MB,Northern Health Region,Gillam Hospital Inc.,G,NonTeaching,,,,,,,10,10,,BDSIO,38.46806,106.27306
MB,Northern Health Region,Lynn Lake Hospital,G,NonTeaching,,,,,,,19,19,,BDSIO,56.8572309,-101.0430306
MB,Northern Health Region,Snow Lake Health Centre,G,NonTeaching,,,,,,,6,6,,BDSIO,54.87504,-100.01544
MB,Northern Health Region,The Pas Health Complex,"G,SMHA",NonTeaching,,8,,8,,,21,37,,BDSIO,53.8267958,-101.2515215
MB,Northern Health Region,Thompson General Hospital,"G,SMHA",NonTeaching,,21,8,10,,,32,71,,BDSIO,55.7353204,-97.8566954
MB,Prairie Mountain Health,Baldur Health Centre,G,NonTeaching,,,,,,,14,14,,BDSIO,49.38573,-99.23908
MB,Prairie Mountain Health,Birtle Health Centre,G,NonTeaching,,,,,,,14,14,,BDSIO,50.42626,-101.04458
MB,Prairie Mountain Health,Boissevain Health Centre District,G,NonTeaching,,,,,,,11,11,,BDSIO,49.22525,-100.06122
MB,Prairie Mountain Health,Brandon General Hospital,"G,E,SMHA,R",NonTeaching,7,20,7,47,49,48,116,294,11,BDSIO,52.47306,-8.43056
MB,Prairie Mountain Health,Carberry Health Center,G,NonTeaching,,,,,,,10,10,,BDSIO,49.87208,-99.35559
MB,Prairie Mountain Health,Dauphin Regional Health Centre,"G,R,SMHA",NonTeaching,4,8,,10,,,54,76,,BDSIO,51.14735,-100.06104
MB,Prairie Mountain Health,Deloraine Health Centre,G,NonTeaching,,,,,,,14,14,,BDSIO,49.19196,-100.4975
MB,Prairie Mountain Health,Erickson District Health Centre,G,NonTeaching,,,,,,,9,9,,BDSIO,50.49604,-99.90784
MB,Prairie Mountain Health,Glenboro Health Centre,G,NonTeaching,,,,,,,11,11,,BDSIO,49.55968,-99.28533
MB,Prairie Mountain Health,Grandview District Hospital,G,NonTeaching,,,,,,,17,17,,BDSIO,52.47306,-8.43056
MB,Prairie Mountain Health,Hamiota District Health Centre,G,NonTeaching,,,,,,,20,20,,BDSIO,50.18226,-100.5907
MB,Prairie Mountain Health,McCreary Alonsa Health Centre,G,NonTeaching,,,,,,,13,13,,BDSIO,50.77241,-99.48576
MB,Prairie Mountain Health,Melita Health Centre,G,NonTeaching,,,,,,,11,11,,BDSIO,49.27085,-100.99628
MB,Prairie Mountain Health,Minnedosa District Hospital,G,NonTeaching,,,,,,,27,27,,BDSIO,52.47306,-8.43056
MB,Prairie Mountain Health,Neepawa Health Centre,G,NonTeaching,,,,,,,35,35,,BDSIO,50.2343441,-99.4612084
MB,Prairie Mountain Health,Rivers Health Centre,G,NonTeaching,,,,,13,,1,14,,BDSIO,50.03526,-100.24124
MB,Prairie Mountain Health,Roblin District Health Centre,G,NonTeaching,,,,,,,25,25,,BDSIO,51.22715,-101.362
MB,Prairie Mountain Health,Rossburn District Health Centre,G,NonTeaching,,,,,,,9,9,,BDSIO,50.66724,-100.80374
MB,Prairie Mountain Health,Russell Health Centre,G,NonTeaching,,,,,,,30,30,,BDSIO,-35.2993419,149.1536211
MB,Prairie Mountain Health,Shoal Lake-Strathclair Health Centre,G,NonTeaching,,,,,,,12,12,,BDSIO,50.4387945,-100.5949136
MB,Prairie Mountain Health,Souris Health Centre,G,NonTeaching,,,,,,,25,25,,BDSIO,49.61463,-100.24806
MB,Prairie Mountain Health,Ste. Rose General Hospital,G,NonTeaching,,,,,,,25,25,,BDSIO,52.47306,-8.43056
MB,Prairie Mountain Health,Swan River Valley Hospital,"G,R",NonTeaching,,,,,16,,36,52,,BDSIO,52.12240708,-101.0770136
MB,Prairie Mountain Health,Tiger Hills Health District,G,NonTeaching,,,,,,,12,12,,BDSIO,49.6336,-98.6971
MB,Prairie Mountain Health,Tri-Lake Health District,G,NonTeaching,,,,,,,22,22,,BDSIO,49.17581,-99.66171
MB,Prairie Mountain Health,Virden District Hospital,G,NonTeaching,,,,,,,25,25,,BDSIO,52.47306,-8.43056
MB,Prairie Mountain Health,Wawanesa and District Memorial Health Centre,G,NonTeaching,,,,,,,6,6,,BDSIO,49.59569,-99.69246
MB,Prairie Mountain Health,Winnipegosis General Hospital,G,NonTeaching,,,,,,,14,14,,BDSIO,52.47306,-8.43056
MB,Shared Health Inc.,Health Sciences Centre Winnipeg,"G,SPed,SMHA,SOth",Teaching,82,70,,117,31,,428,728,50,BDSIO,49.9039751,-97.1598931
MB,Southern Health - Sante Sud,Altona Community Memorial,G,NonTeaching,,,,,,,22,22,,BDSIO,49.1074272,-97.5510934
MB,Southern Health - Sante Sud,Bethesda Hospital,"G,E,R",NonTeaching,,,,,20,,53,73,,BDSIO,49.53522672,-96.6728332
MB,Southern Health - Sante Sud,Boundary Trails Health Centre,"G,R",NonTeaching,,,,,25,,65,90,,BDSIO,49.1893046,-98.0033457
MB,Southern Health - Sante Sud,Carman Memorial Hospital,G,NonTeaching,,,,,,,25,25,,BDSIO,49.4971338,-98.0082583
MB,Southern Health - Sante Sud,DeSalaberry District Health Centre,G,NonTeaching,,,,,,,14,14,,BDSIO,49.44453,-96.98887
MB,Southern Health - Sante Sud,Emerson Hospital,G,NonTeaching,,,,,,,4,4,,BDSIO,49.00563498,-97.21520156
MB,Southern Health - Sante Sud,Lorne Memorial Hospital,G,NonTeaching,,,,,,,18,18,,BDSIO,49.412396,-98.7874209
MB,Southern Health - Sante Sud,MacGregor Health Centre,G,NonTeaching,,,,,,,6,6,,BDSIO,49.96242,-98.77513
MB,Southern Health - Sante Sud,Morris General Hospital,G,NonTeaching,,,,,,,23,23,,BDSIO,49.3532785,-97.3605954
MB,Southern Health - Sante Sud,Notre Dame Hospital,G,NonTeaching,,,,,,,10,10,,BDSIO,7.1980673,124.2380587
MB,Southern Health - Sante Sud,Pembina Manitou Health Centre,G,NonTeaching,,,,,,,8,8,,BDSIO,49.24188,-98.54366
MB,Southern Health - Sante Sud,Portage District General Hospital,"G,E",NonTeaching,,,,,,26,58,84,,BDSIO,49.9663056,-98.2821295
MB,Southern Health - Sante Sud,Rock Lake Health District Hospital,G,NonTeaching,,,,,,,16,16,,BDSIO,52.47306,-8.43056
MB,Southern Health - Sante Sud,Seven Regions Health Centre,G,NonTeaching,,,,,,,14,14,,BDSIO,50.22515,-98.9419
MB,Southern Health - Sante Sud,St. Claude Health Centre,G,NonTeaching,,,,,,,10,10,,BDSIO,49.65379,-98.34426
MB,Southern Health - Sante Sud,Ste. Anne Hospital,G,NonTeaching,,,,,,,21,21,,BDSIO,49.6679319,-96.6477631
MB,Southern Health - Sante Sud,Vita and District Health Centre,G,NonTeaching,,,,,,,10,10,,BDSIO,49.13619,-96.56418
MB,Winnipeg Regional Health Authority,Churchill Health Centre,"G,E",NonTeaching,,,,,,7,20,27,,BDSIO,-31.9565968,115.8140741
MB,Winnipeg Regional Health Authority,Concordia Hospital,"G,R",NonTeaching,,,,,14,,154,168,,BDSIO,49.9134405,-97.0647844
MB,Winnipeg Regional Health Authority,Deer Lodge Centre,"E,R",NonTeaching,,,,,88,122,,210,,BDSIO,49.8779978,-97.2355401
MB,Winnipeg Regional Health Authority,Grace Hospital,"G,SMHA,R",NonTeaching,10,,,,,,223,233,,BDSIO,49.88237358,-97.27649114
MB,Winnipeg Regional Health Authority,Manitoba Adolescent Treatment Centre,SMHA,NonTeaching,,,,14,,,,14,,BDSIO,,
MB,Winnipeg Regional Health Authority,Misericordia Health Centre,"E,G",NonTeaching,,,,,,,127,127,,BDSIO,49.8796797,-97.1600065
MB,Winnipeg Regional Health Authority,Riverview Health Centre,"E,G,R",NonTeaching,,,,,40,60,30,130,,BDSIO,49.868516,-97.1194205
MB,Winnipeg Regional Health Authority,Seven Oaks General Hospital,"G,SMHA,R",NonTeaching,,,,,74,,126,200,,BDSIO,49.955298,-97.1488968
MB,Winnipeg Regional Health Authority,St. Boniface Hospital,"G,R,SMHA",Teaching,50,40,,34,,,312,436,30,BDSIO,49.884977,-97.1248675
MB,Winnipeg Regional Health Authority,Victoria General Hospital,"G,R,SMHA",NonTeaching,,,,75,29,,89,193,,BDSIO,48.4665512,-123.4322551
NB,Zone 1 (Moncton Area),Dr. Georges-L.-Dumont University Hospital Centre,"G,R,E",NonTeaching,15,13,13,23,25,50,147,286,,BDSIO,46.09794,-64.78669
NB,Zone 1 (Moncton Area),Sackville Memorial Hospital,G,NonTeaching,,,,,,,21,21,,BDSIO,45.8922327,-64.3734768
NB,Zone 1 (Moncton Area),Stella-Maris-de-Kent Hospital,G,NonTeaching,,,,,,,20,20,,BDSIO,46.5584843,-64.7820671
NB,Zone 1 (Moncton Area),The Moncton Hospital,"G,E,R",NonTeaching,23,23,9,27,14,70,200,366,8,BDSIO,52.47306,-8.43056
NB,Zone 2 (Saint John Area),Centracare,SMHA,NonTeaching,,,,50,,,,50,,BDSIO,45.2540138,-66.1269178
NB,Zone 2 (Saint John Area),Charlotte County Hospital,G,NonTeaching,4,,,,,15,25,44,,BDSIO,45.1947392,-67.2664844
NB,Zone 2 (Saint John Area),Grand Manan Hospital,G,NonTeaching,,,,,,,8,8,,BDSIO,44.7622213,-66.7639398
NB,Zone 2 (Saint John Area),Saint John Regional Hospital,"G,R",Teaching,43,33,15,23,12,59,305,490,13,BDSIO,45.3016661,-66.0860445
NB,Zone 2 (Saint John Area),St. Josephs Hospital,E,NonTeaching,,,,,,104,,104,,BDSIO,33.4663468,-82.0176114
NB,Zone 2 (Saint John Area),Sussex Health Centre,G,NonTeaching,,,,,,,25,25,,BDSIO,45.7262496,-65.4897068
NB,Zone 3 (Fredericton Area),Dr. Everett Chalmers Regional Hospital,"G,R",NonTeaching,19,20,12,25,24,30,184,314,13,BDSIO,45.9387818,-66.6537863
NB,Zone 3 (Fredericton Area),Hotel-Dieu of St. Joseph,G,NonTeaching,,,,,,,15,15,,BDSIO,47.49785128,-67.3932613
NB,Zone 3 (Fredericton Area),Oromocto Public Hospital,G,NonTeaching,,,,,,17,28,45,,BDSIO,45.8487468,-66.4733278
NB,Zone 3 (Fredericton Area),Stan Cassidy Centre for Rehabilitation,R,NonTeaching,,,,,18,,,18,,BDSIO,45.9373615,-66.6527341
NB,Zone 3 (Fredericton Area),Upper River Valley Hospital,G,NonTeaching,5,5,,,,,42,52,,BDSIO,46.2836167,-67.5708206
NB,Zone 4 (Edmundston Area),Edmundston Regional Hospital,"G,E",NonTeaching,11,12,11,15,,61,58,168,,BDSIO,47.3764611,-68.3103231
NB,Zone 4 (Edmundston Area),Grand Falls General Hospital,G,NonTeaching,,,,,,,20,20,,BDSIO,47.0450782,-67.7548241
NB,Zone 4 (Edmundston Area),Hotel-Dieu Saint-Joseph de Saint-Quentin,G,NonTeaching,,,,,,,6,6,,BDSIO,47.49780054,-67.39413034
NB,Zone 5 (Campbellton Area),Campbellton Regional Hospital,"G,E",NonTeaching,8,12,,20,,25,75,140,,BDSIO and BSIO,47.992976,-66.6684925
NB,Zone 5 (Campbellton Area),Restigouche Hospital Centre,SMHA,NonTeaching,,,,115,,,,115,,BDSIO,47.99318,-66.66604
NB,Zone 6 (Bathurst Area),Chaleur Regional Hospital,"G,E",NonTeaching,11,10,10,23,,40,77,171,,BDSIO,47.6495597,-65.6935172
NB,Zone 6 (Bathurst Area),Enfant-Jesus RHSJ Hospital,G,NonTeaching,,,,,,,12,12,,BDSIO,52.47306,-8.43056
NB,Zone 6 (Bathurst Area),Lam伴ue Hospital and Community Health Centre,G,NonTeaching,,,,,,,12,12,,BDSIO,28.29722,83.89556
NB,Zone 6 (Bathurst Area),Tracadie-Sheila Hospital,G,NonTeaching,,,,,,,59,59,,BDSIO,47.5124625,-64.9064894
NB,Zone 7 (Miramichi Area),Miramichi Regional Hospital,"G,R,E",NonTeaching,8,15,6,12,21,25,60,147,,BDSIO,47.0030262,-65.5412944
NL,Central Health,A. M. Guy Memorial Health Centre,"E,G",NonTeaching,,,,,,23,,23,,BDSIO,48.82364,-56.85715
NL,Central Health,Baie Verte Peninsula Health Centre,"E,G",NonTeaching,,,,,,19,7,26,,BDSIO,49.92578,-56.22086
NL,Central Health,Central Newfoundland Regional Health Centre,"G,SMHA",NonTeaching,9,14,,20,,,72,115,,BDSIO,48.934001,-55.6445567
NL,Central Health,Connaigre Peninsula Health Centre,"E,G",NonTeaching,,,,,,24,,24,,BDSIO,47.46873,-55.82563
NL,Central Health,Dr. Hugh Twomey Health Centre,E,NonTeaching,,,,,,80,,80,,BDSIO,49.1472624,-55.3561812
NL,Central Health,Dr. Y.K.Jeon Kittiwake Health Centre,"E,G",NonTeaching,,,,,,45,12,57,,BDSIO,49.13499,-53.58978
NL,Central Health,Fogo Island Health Centre,"E,G",NonTeaching,,,,,,16,,16,,BDSIO,49.6656169,-54.2245703
NL,Central Health,Green Bay Health Centre,"E,G",NonTeaching,,,,,,78,9,87,,BDSIO,49.5076709,-56.0475387
NL,Central Health,James Paton Memorial Regional Health Centre,G,NonTeaching,8,10,,,,,65,83,,BDSIO,48.9551957,-54.6273473
NL,Central Health,Notre Dame Bay Memorial Health Centre,"E,G",NonTeaching,,,,,5,32,12,49,,BDSIO,49.6531657,-54.7571281
NL,Eastern Health,Bonavista Peninsula Health Centre,"E,G",NonTeaching,,,,,,67,10,77,,BDSIO,48.647721,-53.1067214
NL,Eastern Health,Burin Peninsula Health Care Centre,G,NonTeaching,4,9,,,,,22,35,,BDSIO,47.1044737,-55.1945559
NL,Eastern Health,Carbonear General Hospital,G,NonTeaching,6,6,,,,,49,61,,BDSIO,47.7252247,-53.2266265
NL,Eastern Health,Dr. A. A. Wilkinson Memorial Health Centre,G,NonTeaching,,,,,,,4,4,,BDSIO,48.07163,-53.00619
NL,Eastern Health,Dr. G. B. Cross Memorial Hospital,"G,E",NonTeaching,4,9,,,,42,28,83,,BDSIO,48.1652397,-53.9844268
NL,Eastern Health,Dr. Leonard A. Miller Centre,"R,E,G",NonTeaching,,,,,42,53,10,105,,BDSIO,47.57587,-52.69437
NL,Eastern Health,Dr. S. Beckley Health Centre,"E,G",NonTeaching,,,,,,56,,56,,BDSIO,47.09479,-55.76082
NL,Eastern Health,Dr. Walter Templeman Health Centre,"E,G",NonTeaching,,,,,,7,,7,,BDSIO,47.64577,-52.94663
NL,Eastern Health,Health Sciences Centre-St. Johns,"G,SMHA",Teaching,31,32,,21,,,247,331,,BDSIO,47.57173,-52.74354
NL,Eastern Health,Janeway Childrens Health and Rehabilitation Centre,G,NonTeaching,4,,35,9,,,15,63,28,BDSIO,47.57262,-52.7422
NL,Eastern Health,Placentia Health Centre,"E,G",NonTeaching,,,,,,73,10,83,,BDSIO,47.23901,-53.96423
NL,Eastern Health,St. Clares Mercy Hospital,G,NonTeaching,12,,,,,,167,179,,BDSIO,47.55776519,-52.72096521
NL,Eastern Health,U.S. Memorial Health Centre,"E,G",NonTeaching,,,,,,39,,39,,BDSIO,46.93011,-55.39884
NL,Eastern Health,Waterford Hospital,SMHA,NonTeaching,,,,128,,,0,128,,BDSIO,52.2489972,-7.0781627
NL,Labrador됞renfell Health,Charles S. Curtis Memorial Hospital,G,NonTeaching,4,14,,,,,24,42,,BSIO,51.3623432,-55.5866457
NL,Labrador됞renfell Health,Labrador Health Centre,G,NonTeaching,,,,,,,25,25,,BSIO,53.2960254,-60.3390041
NL,Labrador됞renfell Health,Labrador South Health Centre,E,NonTeaching,,,,,,18,,18,,BSIO,51.51182,-56.71232
NL,Labrador됞renfell Health,Labrador West Health Centre,"G,E",NonTeaching,,,,,,13,15,28,,BSIO,52.94959,-66.93564
NL,Western Health,Bonne Bay Health Centre,"E,G",NonTeaching,,,,,,14,8,22,,BDSIO,49.5367826,-57.8750758
NL,Western Health,Calder Health Centre,"E,G",NonTeaching,,,,,,19,3,22,,BDSIO,-36.85059,174.76209
NL,Western Health,Dr. Charles L. LeGrow Health Centre,"E,G",NonTeaching,,,,,,30,14,44,,BDSIO,47.5888576,-59.16232674
NL,Western Health,Rufus Guinchard Health Care Centre,"E,G",NonTeaching,,,,,,22,7,29,,BDSIO,50.6496779,-57.30480799
NL,Western Health,Sir Thomas Roddick Hospital,G,NonTeaching,2,,,,,,42,44,,BDSIO,48.5593888,-58.5526309
NL,Western Health,Western Memorial Regional Hospital,"G,SMHA,SPed",NonTeaching,11,11,16,22,1,,115,176,,BDSIO,48.9489435,-57.9305661
NS,Central Zone,Dartmouth General Hospital,G,NonTeaching,8,,,,,,133,141,,BDSIO,44.6543297,-63.5479224
NS,Central Zone,East Coast Forensic Psychiatric Hospital,SMHA,NonTeaching,,,,94,,,,94,,BDSIO,52.47306,-8.43056
NS,Central Zone,Eastern Shore Memorial Hospital,G,NonTeaching,,,,,,,5,5,,BDSIO,44.9207756,-62.5327695
NS,Central Zone,Hants Community Hospital,"G,E",NonTeaching,,,,,,32,39,71,,BDSIO,44.9860501,-64.1195951
NS,Central Zone,Musquodoboit Valley Memorial Hospital,G,NonTeaching,,,,,,,6,6,,BDSIO,45.0403498,-63.1403411
NS,Central Zone,Nova Scotia Hospital,SMHA,NonTeaching,,,,95,,,,95,,BDSIO,44.651865,-63.5493479
NS,Central Zone,Queen Elizabeth II Health Sciences Centre,"G,E,R,SMHA",Teaching,43,,,49,89,175,607,963,,BDSIO,44.6460027,-63.58607427
NS,Central Zone,Twin Oaks Memorial Hospital,G,NonTeaching,,,,,,,15,15,,BDSIO,44.7830043,-63.1583807
NS,Eastern Zone,Buchanan Memorial Community Health Centre,G,NonTeaching,,,,,,,10,10,,BDSIO,46.8105194,-60.3338558
NS,Eastern Zone,Cape Breton Healthcare Complex,"G,SMHA,E,SPed",NonTeaching,19,12,8,54,21,24,318,456,8,BDSIO,46.11377353,-60.17996989
NS,Eastern Zone,Eastern Memorial Hospital,G,NonTeaching,,,,,,,4,4,,BDSIO,45.3327886,-60.9841336
NS,Eastern Zone,Guysborough Memorial Hospital,G,NonTeaching,,,,,,,10,10,,BDSIO,45.40237,-61.5071607
NS,Eastern Zone,Inverness Consolidated Memorial Hospital,G,NonTeaching,,,,,,,29,29,,BDSIO,46.2265636,-61.3043662
NS,Eastern Zone,Sacred Heart Hospital,G,NonTeaching,,,,,,,10,10,,BDSIO,53.6229813,-8.1840958
NS,Eastern Zone,St. Marthas Regional Hospital,"G,R,SMHA,SPed,E",NonTeaching,6,15,,8,13,5,43,90,,BDSIO,52.47306,-8.43056
NS,Eastern Zone,St. Marys Memorial Hospital,G,NonTeaching,,,,,,,6,6,,BDSIO,43.2599844,-81.1513024
NS,Eastern Zone,Strait Richmond Hospital,"G,R",NonTeaching,,,,,7,,19,26,,BDSIO,45.6172067,-61.22293
NS,Eastern Zone,Victoria County Memorial Hospital,G,NonTeaching,,,,,,,12,12,,BDSIO,46.1003168,-60.7559138
NS,IWK Health Centre,IWK Health Centre,"SPed,SOth",Teaching,5,48,,17,,,64,134,40,BDSIO,44.6378638,-63.5837315
NS,Northern Zone,Aberdeen Hospital,"G,SMHA",NonTeaching,6,11,,12,,,80,109,,BDSIO and BSIO,48.4422695,-123.3432246
NS,Northern Zone,All Saints Springhill Hospital,R,NonTeaching,,,,7,20,,,27,,BDSIO,45.6504499,-64.0500797
NS,Northern Zone,Bayview Memorial Health Centre,E,NonTeaching,,,,,,,,10,,RBC,45.3461894,-64.7947624
NS,Northern Zone,Colchester East Hants Health Centre,"G,SMHA",NonTeaching,8,13,,10,,,71,102,,BDSIO,45.3492392,-63.3034286
NS,Northern Zone,Cumberland Regional Health Care Centre,G,NonTeaching,7,8,,,,,58,73,,BDSIO,45.8041432,-64.1966622
NS,Northern Zone,Lillian Fraser Memorial Hospital,G,NonTeaching,,,,,,,10,10,,BDSIO,45.7114973,-63.2962655
NS,Northern Zone,North Cumberland Memorial Hospital,G,NonTeaching,,,,,,,4,4,,BDSIO,45.8560842,-63.6588958
NS,Northern Zone,South Cumberland Community Care Centre,"E,G",NonTeaching,,,,,,14,2,16,,BDSIO,45.4091393,-64.325961
NS,Northern Zone,Sutherland Harris Memorial Hospital,"E,R",NonTeaching,,,,,18,20,,38,,BDSIO,45.676489,-62.7270412
NS,Western Zone,Annapolis Community Health Centre,G,NonTeaching,,,,,,,6,6,,BDSIO,44.7366395,-65.5019108
NS,Western Zone,Digby General Hospital,"G,R",NonTeaching,,,,,13,,20,33,,BDSIO,44.6166299,-65.7618544
NS,Western Zone,Fishermens Memorial Hospital,"E,G,R",NonTeaching,,,,,12,23,18,53,,BDSIO,52.47306,-8.43056
NS,Western Zone,Queens General Hospital,G,NonTeaching,,,,,,,22,22,,BDSIO,44.0376493,-64.7058015
NS,Western Zone,Roseway Hospital,G,NonTeaching,,,,,,,19,19,,BDSIO,43.7492064,-65.3097898
NS,Western Zone,Soldiers Memorial Hospital,"G,E",NonTeaching,,,,,,25,39,64,,BDSIO,44.9467968,-65.0592349
NS,Western Zone,South Shore Regional Hospital,"G,SMHA,SPed",NonTeaching,6,10,,9,,,55,80,,BDSIO,44.3825289,-64.5126195
NS,Western Zone,Valley Regional Hospital,"G,SMHA",NonTeaching,9,19,,9,,,104,141,,BDSIO,45.0830014,-64.5002277
NS,Western Zone,Yarmouth Regional Hospital,"G,E,SMHA",NonTeaching,7,10,,8,,15,76,116,,BDSIO,43.850445,-66.1224526
NT,Beaufort-Delta Health and Social Services Authority,Inuvik Regional Hospital,"E,G,SPed",NonTeaching,,,,,,,,51,,RBC,68.3537704,-133.7030486
NT,Fort Smith Health and Social Services Authority,Fort Smith Health Centre,"G,E",NonTeaching,,,,,,,,6,,RBC,60.00324586,-111.879106
NT,Hay River Health and Social Services Authority,Hay River Regional Health Centre,"G,E",NonTeaching,,,,,,,,19,,RBC,60.80180009,-115.8049273
NT,Stanton Territorial Health Authority,Stanton Territorial Hospital,"SOth,E,SPed,SMHA",NonTeaching,,,,,,,,100,,RBC,62.4474144,-114.4016745
ON,Central East LHIN,Campbellford Memorial Hospital,G,NonTeaching,,,,,,,31,31,,BDSIO,44.3128423,-77.7899179
ON,Central East LHIN,Haliburton Highlands Health Services,G,NonTeaching,,,,,,,15,15,,BDSIO,45.038517,-78.5294869
ON,Central East LHIN,Lakeridge Health,G,NonTeaching,40,42,16,66,87,128,456,835,,BDSIO,43.9092287,-78.6780961
ON,Central East LHIN,Northumberland Hills Hospital,G,NonTeaching,,6,,,34,,65,105,,BDSIO,43.977904,-78.1979522
ON,Central East LHIN,Ontario Shores Centre for Mental Health Sciences,SMHA,NonTeaching,,,,338,,,,338,,BDSIO,43.8488592,-78.9453682
ON,Central East LHIN,Peterborough Regional Health Centre,G,NonTeaching,25,19,9,34,34,45,313,479,,BDSIO,44.2996386,-78.3481261
ON,Central East LHIN,Ross Memorial Hospital,G,NonTeaching,8,10,,15,15,46,85,179,,BDSIO,57.5944744,-4.4170977
ON,Central East LHIN,Scarborough Health Network,G,NonTeaching,75,50,22,83,19,44,506,799,,BDSIO,43.8017404,-79.3091965
ON,Central LHIN,Humber River Hospital,G,NonTeaching,44,28,12,64,,,494,642,,BDSIO,43.7231725,-79.4894205
ON,Central LHIN,Mackenzie Health,G,NonTeaching,40,14,5,25,22,78,281,465,,BDSIO,43.8643226,-79.4687449
ON,Central LHIN,North York General Hospital,G,NonTeaching,23,25,12,50,,,336,446,,BDSIO,43.7692285,-79.3625577
ON,Central LHIN,Oak Valley Health,G,NonTeaching,13,31,5,35,28,23,197,332,,BDSIO,43.88383446,-79.2326193
ON,Central LHIN,Shouldice Hospital,SOth,NonTeaching,,,,,,,70,70,,BDSIO,43.8210702,-79.4041265
ON,Central LHIN,Southlake Regional Health Centre - Southlake Regional Health Centre,G,NonTeaching,36,19,11,38,30,32,323,489,,BDSIO,44.06110651,-79.45180432
ON,Central LHIN,Stevenson Memorial Hospital,G,NonTeaching,,7,,,,,32,39,,BDSIO,44.1554288,-79.8748688
ON,Central West LHIN,Headwaters Health Care Centre,G,NonTeaching,4,7,,,,19,46,76,,BDSIO,43.9199124,-80.074039
ON,Central West LHIN,William Osler Health System,G,NonTeaching,56,60,25,100,64,24,536,865,,BDSIO,43.7290756,-79.5978858
ON,Champlain LHIN,Almonte General Hospital,G,NonTeaching,,5,,,,26,21,52,,BDSIO,45.2295465,-76.1875686
ON,Champlain LHIN,Arnprior Regional Health - Arnprior & District Memorial Hospital,G,NonTeaching,,,,,,14,30,44,,BDSIO,52.47306,-8.43056
ON,Champlain LHIN,Bruy半e Continuing Care,"E,R,G",NonTeaching,,,,,93,442,,535,,BDSIO,45.432784,-75.6957445
ON,Champlain LHIN,Carleton Place and District Memorial Hospital,G,NonTeaching,,,,,,,22,22,,BDSIO,45.1411421,-76.1368775
ON,Champlain LHIN,Childrens Hospital of Eastern Ontario,SPed,Teaching,,,88,,,,,88,16,BDSIO,45.400879,-75.652405
ON,Champlain LHIN,Cornwall Community Hospital,G,NonTeaching,11,10,4,16,12,,103,156,,BDSIO,45.0308833,-74.7176539
ON,Champlain LHIN,Deep River and District Hospital,G,NonTeaching,,,,,,,12,12,,BDSIO,46.0909822,-77.4749238
ON,Champlain LHIN,Hopital Glengarry Memorial Hospital,G,NonTeaching,,,,,10,5,22,37,,BDSIO,45.306228,-74.6441346
ON,Champlain LHIN,Hopital Montfort,G,Teaching,12,27,,58,22,,187,306,,BDSIO,45.4458995,-75.6394053
ON,Champlain LHIN,Hopital general de Hawkesbury & District General Hospital,G,NonTeaching,5,8,,,,18,40,71,,BDSIO,52.47306,-8.43056
ON,Champlain LHIN,Kemptville District Hospital,G,NonTeaching,,,,,,2,24,26,,BDSIO,45.0097928,-75.6424492
ON,Champlain LHIN,Pembroke Regional Hospital Inc.,G,NonTeaching,8,7,,15,22,,65,117,,BDSIO,38.46806,106.27306
ON,Champlain LHIN,Queensway Carleton Hospital - Site,G,NonTeaching,12,34,,24,38,,174,282,,BDSIO,45.3354212,-75.80625925
ON,Champlain LHIN,Renfrew Victoria Hospital,G,NonTeaching,3,,,,,24,28,55,,BDSIO,45.4823818,-76.6963131
ON,Champlain LHIN,Royal Ottawa Health Care Group,SMHA,NonTeaching,,,,205,,,,205,,BDSIO,45.38845825,-75.7290838
ON,Champlain LHIN,St. Francis Memorial Hospital,G,NonTeaching,,,,,,10,10,20,,BDSIO,45.48208774,-77.69382767
ON,Champlain LHIN,St. Josephs Continuing Care Centre - McConnell Avenue Site,G,NonTeaching,,,,,,58,,58,,BDSIO,45.01508546,-74.73193278
ON,Champlain LHIN,The Ottawa Hospital,G,Teaching,56,49,,93,68,,782,1048,24,BDSIO,45.4018079,-75.6464894
ON,Champlain LHIN,The Ottawa Hospital - University of Ottawa Heart Institute,G,Teaching,36,,,,,,107,143,,BDSIO,45.39431679,75.72018494
ON,Champlain LHIN,Winchester District Memorial Hospital,G,NonTeaching,,5,,,,17,33,55,,BDSIO,45.0882574,-75.3542849
ON,Erie St. Clair LHIN,Bluewater Health,G,NonTeaching,14,10,10,30,26,64,155,309,,BDSIO,42.976752,-82.3903352
ON,Erie St. Clair LHIN,Chatham-Kent Health Alliance,G,NonTeaching,10,7,3,21,28,30,100,199,,BDSIO,42.5985647,-82.3669873
ON,Erie St. Clair LHIN,Erie Shores HealthCare,G,NonTeaching,2,3,,,10,2,41,58,,BDSIO,42.0489704,-82.6145784
ON,Erie St. Clair LHIN,Hotel-Dieu Grace Healthcare,G,NonTeaching,,,,43,90,148,,281,,BDSIO,42.285075,-83.0641314
ON,Erie St. Clair LHIN,Windsor Regional Hospital,G,NonTeaching,51,41,16,79,,,414,601,21,BDSIO,42.3086073,-83.0321077
ON,Hamilton Niagara Haldimand Brant LHIN,Brant Community Healthcare System,G,NonTeaching,15,15,8,18,44,69,126,295,,BDSIO,43.15235197,-80.27510722
ON,Hamilton Niagara Haldimand Brant LHIN,Haldimand War Memorial Hospital,G,NonTeaching,,,,,,13,26,39,,BDSIO,42.9054593,-79.625115
ON,Hamilton Niagara Haldimand Brant LHIN,Hamilton Health Sciences,G,Teaching,139,49,64,26,119,238,638,1273,55,BDSIO,43.25525314,-79.86362434
ON,Hamilton Niagara Haldimand Brant LHIN,Hotel Dieu Shaver Health and Rehabilitation Centre,G,NonTeaching,,,,,37,97,,134,,BDSIO,43.1227832,-79.2422889
ON,Hamilton Niagara Haldimand Brant LHIN,Joseph Brant Hospital - Site,G,NonTeaching,22,10,4,21,14,48,216,335,,BDSIO,43.31677125,-79.80534097
ON,Hamilton Niagara Haldimand Brant LHIN,Niagara Health System,G,NonTeaching,54,28,23,96,,189,442,832,,BDSIO,43.0918598,-78.9400232
ON,Hamilton Niagara Haldimand Brant LHIN,Norfolk General Hospital,G,NonTeaching,6,5,,,,26,67,104,,BDSIO,42.8353002,-80.3138977
ON,Hamilton Niagara Haldimand Brant LHIN,St. Josephs Healthcare Hamilton,G,Teaching,37,21,,368,19,46,348,839,,BDSIO,43.25011,-79.84963
ON,Hamilton Niagara Haldimand Brant LHIN,West Haldimand General Hospital,G,NonTeaching,,,,,,,23,23,,BDSIO,42.9584051,-80.0443248
ON,Mississauga Halton LHIN,Halton Healthcare Services,G,NonTeaching,29,37,8,66,48,101,384,673,,BDSIO,43.45050571,-79.76346793
ON,Mississauga Halton LHIN,Trillium Health Partners,G,NonTeaching,101,82,30,93,108,39,803,1256,,BDSIO,,
ON,North East LHIN,Blanche River Health - Englehart and District Hospital,G,NonTeaching,,,,,,,16,16,,BDSIO,52.47306,-8.43056
ON,North East LHIN,Blanche River Health - Kirkland and District Hospital,G,NonTeaching,6,,,,,,32,38,,BDSIO,52.47306,-8.43056
ON,North East LHIN,Espanola General Hospital,G,NonTeaching,,,,,,32,15,47,,BDSIO,46.2487788,-81.7815535
ON,North East LHIN,Health Sciences North   Horizon Sante-Nord - Health Sciences North Site   Site Horizon Sante-Nord,G,Teaching,25,12,12,77,30,,308,464,,BDSIO,46.46800798,-80.99548477
ON,North East LHIN,Hornepayne Community Hospital,G,NonTeaching,,,,,,12,6,18,,BDSIO,49.2102992,-84.7734788
ON,North East LHIN,Hopital Notre-Dame Hospital,G,NonTeaching,,,,,,21,23,44,,BDSIO,33.9818314,35.6277379
ON,North East LHIN,Hopital de Mattawa Hospital,G,NonTeaching,,,,,,,19,19,,BDSIO,46.3108083,-78.713627
ON,North East LHIN,Hopital de Smooth Rock Falls Hospital,G,NonTeaching,,,,,,20,17,37,,BDSIO,52.47306,-8.43056
ON,North East LHIN,Lady Dunn Health Centre,G,NonTeaching,,,,,,16,12,28,,BDSIO,48.0004802,-84.7722047
ON,North East LHIN,MICs Group of Health Services - Anson General Hospital,G,NonTeaching,,,,,,,34,34,,BDSIO,52.47306,-8.43056
ON,North East LHIN,MICs Group of Health Services - Bingham Memorial Hospital,G,NonTeaching,,,,,,20,17,37,,BDSIO,52.47306,-8.43056
ON,North East LHIN,MICs Group of Health Services - Lady Minto Hospital,G,NonTeaching,,,,,,,33,33,,BDSIO,52.47306,-8.43056
ON,North East LHIN,Manitoulin Health Centre,G,NonTeaching,,2,4,,,,26,32,,BDSIO,45.9785654,-81.9265526
ON,North East LHIN,North Bay Regional Health Centre,"G,SMHA",NonTeaching,16,10,15,176,29,30,128,404,8,BDSIO,46.3349752,-79.4995846
ON,North East LHIN,North Shore Health Network - Blind River District Health Centre,G,NonTeaching,,,,,,20,20,40,,BDSIO,46.18779067,-82.9234686
ON,North East LHIN,Sault Area Hospital,G,NonTeaching,18,6,4,36,25,50,115,254,6,BDSIO,46.5482088,-84.3114546
ON,North East LHIN,Sensenbrenner Hospital,G,NonTeaching,,,,,,20,33,53,,BDSIO,49.4249423,-82.4279754
ON,North East LHIN,Services de sante de Chapleau Health Services,G,NonTeaching,,,,,,25,13,38,,BDSIO,47.84079679,-83.41436116
ON,North East LHIN,St. Josephs General Hospital [Elliot Lake],G,NonTeaching,6,,,,,2,46,54,,BDSIO,46.38336,-82.63315
ON,North East LHIN,Temiskaming Hospital,G,NonTeaching,3,5,,,,11,40,59,,BDSIO,47.4956233,-79.6933292
ON,North East LHIN,Timmins and District Hospital - Site,G,NonTeaching,6,10,5,25,10,34,66,156,,BDSIO and BSIO,48.48762445,-81.31305846
ON,North East LHIN,Weeneebayko Area Health Authority,G,NonTeaching,,,,,,6,6,12,,BDSIO and BSIO,51.2500947,-80.6170682
ON,North East LHIN,West Nipissing General Hospital,G,NonTeaching,,,,,,19,30,49,,BDSIO,46.3722886,-79.9176141
ON,North East LHIN,West Parry Sound Health Centre,"E,G",NonTeaching,6,2,,,5,20,57,90,,BDSIO,45.3409425,-80.0168463
ON,North Simcoe Muskoka LHIN,Collingwood General and Marine Hospital - Site,G,NonTeaching,5,5,,,,,70,80,,BDSIO,44.49962401,-80.2019907
ON,North Simcoe Muskoka LHIN,Georgian Bay General Hospital,G,NonTeaching,6,3,,,15,21,68,113,,BDSIO,44.7694065,-79.9295865
ON,North Simcoe Muskoka LHIN,Muskoka Algonquin Healthcare,G,NonTeaching,9,7,,,,16,64,96,,BDSIO,45.04773397,-79.31366141
ON,North Simcoe Muskoka LHIN,Orillia Soldiers Memorial Hospital,G,NonTeaching,8,10,6,23,5,9,103,164,,BDSIO,44.6049107,-79.4257984
ON,North Simcoe Muskoka LHIN,Royal Victoria Regional Health Centre - Site,G,NonTeaching,22,16,8,44,40,,281,411,,BDSIO,44.41578015,-79.65963666
ON,North Simcoe Muskoka LHIN,Waypoint Centre for Mental Health Care,SMHA,NonTeaching,,,,301,,,,301,,BDSIO,44.8025269,-79.9284439
ON,North West LHIN,Atikokan General Hospital,G,NonTeaching,,,,,,26,26,52,,BDSIO,48.7539967,-91.598031
ON,North West LHIN,Dryden Regional Health Centre,G,NonTeaching,,,,,,,41,41,,BDSIO,49.7696861,-92.8392386
ON,North West LHIN,Geraldton District Hospital,G,NonTeaching,,,,,,26,22,48,,BDSIO,49.7234371,-86.9562687
ON,North West LHIN,Lake of the Woods District Hospital - Site,G,NonTeaching,6,3,,14,,,49,72,,BDSIO,49.76807902,-94.4979966
ON,North West LHIN,Nipigon District Memorial Hospital,G,NonTeaching,,,,,,11,3,14,,BDSIO,49.0156956,-88.2760987
ON,North West LHIN,North of Superior Healthcare Group,"E,G",NonTeaching,,1,,,,24,19,44,,BDSIO,48.78038195,-87.10547706
ON,North West LHIN,Red Lake Margaret Cochenour Memorial Hospital,G,NonTeaching,,,,,,,18,18,,BDSIO,51.0132754,-93.8218529
ON,North West LHIN,Riverside Health Care Facilities Inc.,G,NonTeaching,3,2,,,,33,72,110,,BDSIO,38.46806,106.27306
ON,North West LHIN,Sante Manitouwadge Health,G,NonTeaching,,,,,,9,9,18,,BDSIO,49.1277387,-85.8243272
ON,North West LHIN,Sioux Lookout Meno Ya Win Health Centre,G,NonTeaching,,5,,,,21,55,81,,BDSIO,50.1056448,-91.9278938
ON,North West LHIN,St. Josephs Care Group,"E,SMHA,R",NonTeaching,,,,40,50,174,,264,,BDSIO,48.38733927,-89.26834702
ON,North West LHIN,Thunder Bay Regional Health Sciences Centre,G,Teaching,22,18,12,58,,,323,433,14,BDSIO and BSIO,48.4235374,-89.2695938
ON,South East LHIN,Brockville General Hospital,G,NonTeaching,9,7,,24,10,42,52,144,,BDSIO,44.5978722,-75.6813173
ON,South East LHIN,Kingston Health Sciences Centre,G,Teaching,68,21,15,46,,,346,496,17,BDSIO,44.22390719,-76.49372172
ON,South East LHIN,Lennox and Addington County General Hospital,G,NonTeaching,,,,,,,30,30,,BDSIO,44.2398218,-76.9671079
ON,South East LHIN,Perth and Smiths Falls District Hospital,G,NonTeaching,8,4,,,,,75,87,,BDSIO,44.9071706,-76.0270416
ON,South East LHIN,Providence Care - St. Marys of the Lake Hospital,"SMHA,E,R",NonTeaching,,,,120,50,100,,270,,BDSIO,52.47306,-8.43056
ON,South East LHIN,Quinte Health Care,G,NonTeaching,20,12,5,22,42,21,191,313,,BDSIO,,
ON,South West LHIN,Alexandra Hospital,G,NonTeaching,4,,,,,5,17,26,,BDSIO,1.2867939,103.8011061
ON,South West LHIN,Alexandra Marine and General Hospital,G,NonTeaching,4,2,,20,,,17,43,,BDSIO,43.7498791,-81.7058225
ON,South West LHIN,Grey Bruce Health Services,G,NonTeaching,18,16,,45,15,9,123,226,,BDSIO,44.5686114,-80.913579
ON,South West LHIN,Hanover and District Hospital,G,NonTeaching,,2,,,,,26,28,,BDSIO,44.1416169,-81.029535
ON,South West LHIN,Huron Perth Healthcare Alliance - Clinton Public Hospital,G,NonTeaching,,,,,,,21,21,,BDSIO,52.47306,-8.43056
ON,South West LHIN,Huron Perth Healthcare Alliance - Seaforth Community Hospital,G,NonTeaching,,,,,,,23,23,,BDSIO,52.47306,-8.43056
ON,South West LHIN,Huron Perth Healthcare Alliance - St. Marys Memorial Hospital,G,NonTeaching,,,,,,,23,23,,BDSIO,52.47306,-8.43056
ON,South West LHIN,Huron Perth Healthcare Alliance - Stratford General Hospital,G,NonTeaching,8,12,4,15,0,5,76,120,,BDSIO,52.47306,-8.43056
ON,South West LHIN,Listowel Memorial Hospital,G,NonTeaching,,4,,,,15,21,40,,BDSIO,43.7327116,-80.9492643
ON,South West LHIN,London Health Sciences Centre,G,Teaching,99,62,63,116,,,673,1013,49,BDSIO,42.96170385,-81.22740967
ON,South West LHIN,Middlesex Hospital Alliance - Four Counties Health Services,G,NonTeaching,,,,,,,12,12,,BDSIO,42.68381895,-81.78701037
ON,South West LHIN,Middlesex Hospital Alliance - Strathroy Middlesex General Hospital,G,NonTeaching,4,,,,,,50,54,,BDSIO,52.47306,-8.43056
ON,South West LHIN,South Bruce Grey Health Centre,G,NonTeaching,,3,,,,,61,64,,BDSIO,44.1884608,-81.6250412
ON,South West LHIN,South Huron Hospital,G,NonTeaching,,,,,,,19,19,,BDSIO,43.3438486,-81.4808319
ON,South West LHIN,St. Josephs Health Care London,"SMHA,E,G,R",Teaching,,,,240,114,112,52,518,,BDSIO,51.5072648,-0.1278328
ON,South West LHIN,St. Thomas Elgin General Hospital,G,NonTeaching,8,6,6,15,15,34,75,159,,BDSIO,42.7631685,-81.1803651
ON,South West LHIN,Tillsonburg District Memorial Hospital,G,NonTeaching,5,,,,,10,33,48,,BDSIO,42.8633449,-80.7356007
ON,South West LHIN,Wingham and District Hospital,G,NonTeaching,,,,,5,5,24,34,,BDSIO,43.8848634,-81.3066958
ON,South West LHIN,Woodstock Hospital,G,NonTeaching,12,14,,16,22,21,82,167,,BDSIO,43.1063557,-80.7537104
ON,Toronto Central LHIN,Baycrest,"E,R,SMHA",NonTeaching,,,,40,32,190,,262,,BDSIO,43.7285227,-79.4373895
ON,Toronto Central LHIN,Casey House,SOth,NonTeaching,,,,,,,14,14,,BDSIO,43.6689272,-79.3784035
ON,Toronto Central LHIN,Centre for Addiction and Mental Health,SMHA,Teaching,,,,500,,,,500,,BDSIO,43.6588572,-79.393928
ON,Toronto Central LHIN,Holland Bloorview Kids Rehabilitation Hospital,"R,E",NonTeaching,,,,,47,16,,63,,BDSIO,43.7184671,-79.373497
ON,Toronto Central LHIN,Hospital for Sick Children,SPed,Teaching,,,273,,,,,273,41,BDSIO,43.6572672,-79.3875622
ON,Toronto Central LHIN,Michael Garron Hospital - Site,G,NonTeaching,24,21,6,41,9,93,172,366,,BDSIO,43.68977494,-79.32520837
ON,Toronto Central LHIN,Runnymede Healthcare Centre,E,NonTeaching,,,,,35,171,,206,,BDSIO,43.6647538,-79.4811298
ON,Toronto Central LHIN,Sinai Health System,G,Teaching,25,64,,15,104,342,203,753,56,BDSIO,43.65830539,-79.39198936
ON,Toronto Central LHIN,Sunnybrook Health Sciences Centre,G,Teaching,99,48,,32,157,284,476,1096,42,BDSIO,43.7227482,-79.3755416
ON,Toronto Central LHIN,The Salvation Army Toronto Grace Health Centre,"E,G",NonTeaching,,,,,,101,19,120,,BDSIO,43.67069852,-79.38270671
ON,Toronto Central LHIN,Unity Health Toronto,G,Teaching,104,39,8,89,99,132,592,1063,,BDSIO,43.70011,-79.4163
ON,Toronto Central LHIN,University Health Network,G,Teaching,116,,,34,190,204,793,1337,,BDSIO,43.65847611,-79.38671843
ON,Toronto Central LHIN,West Park Healthcare Centre,"E,R",NonTeaching,,,,,109,167,,276,,BDSIO,43.6888837,-79.5084398
ON,Waterloo Wellington LHIN,Cambridge Memorial Hospital - Site,G,NonTeaching,13,10,8,23,26,,119,199,,BDSIO,43.37873336,-80.32825802
ON,Waterloo Wellington LHIN,Grand River Hospital,G,NonTeaching,20,41,12,114,32,110,227,556,,BDSIO,43.4562906,-80.5120505
ON,Waterloo Wellington LHIN,Groves Memorial Community Hospital,G,NonTeaching,,3,,,,5,29,37,,BDSIO,43.6972875,-80.3938186
ON,Waterloo Wellington LHIN,Guelph General Hospital,G,NonTeaching,26,22,8,,,,158,214,,BDSIO,43.5560866,-80.2526123
ON,Waterloo Wellington LHIN,Homewood Health Centre Inc.,SMHA,NonTeaching,,,,303,,,,303,,BDSIO,38.46806,106.27306
ON,Waterloo Wellington LHIN,North Wellington Health Care Corporation,G,NonTeaching,,2,,,,,28,30,,BDSIO,43.8390871,-80.84204547
ON,Waterloo Wellington LHIN,St. Josephs Health Centre Guelph,"E,R",NonTeaching,,,,,27,59,,86,,BDSIO,43.54594,-80.25599
ON,Waterloo Wellington LHIN,St. Marys General Hospital - Site,G,NonTeaching,33,,,,,,158,191,,BDSIO,43.43940523,-80.51041182
PE,Health PEI,Hillsborough Hospital,SMHA,NonTeaching,,,,68,,,,68,,BDSIO,46.2569296,-63.0928967
PE,Health PEI,Kings County Memorial Hospital,G,NonTeaching,,,,,,,30,30,,BDSIO,46.170056,-62.6560947
PE,Health PEI,O뇗eary Community Hospital,"G,E",NonTeaching,,,,,,,13,13,,BDSIO,52.47306,-8.43056
PE,Health PEI,Prince County Hospital,"G,C,R,SMHA",NonTeaching,6,9,7,14,,,64,100,,BDSIO,46.4176201,-63.7731469
PE,Health PEI,Queen Elizabeth Hospital,"G,C,R",NonTeaching,18,15,12,24,20,,144,233,,BDSIO,22.3090196,114.174388
PE,Health PEI,Souris Hospital,G,NonTeaching,,,,,,,17,17,,BDSIO,46.3518439,-62.2441081
PE,Health PEI,Western Hospital,G,NonTeaching,,,,,,,27,27,,BDSIO,6.9117052,79.8856356
QC,Abitibi-Temiscamingue Region,CISSS de lAbitibi-Temiscamingue,,NonTeaching,21,29,22,66,15,,200,353,8,BSIO,48.09741226,-77.64900461
QC,Bas-Saint-Laurent Region,CISSS du Bas-Saint-Laurent,,NonTeaching,28,28,29,55,,,308,448,5,BSIO,48.0503,-68.02266
QC,Capitale-Nationale Region,CHU de Quebec - Universite Laval,,Teaching,126,98,81,,,,899,1204,56,BSIO,45.56995,-73.692
QC,Capitale-Nationale Region,CIUSSS de la Capitale-Nationale,,NonTeaching,,4,,288,42,,328,662,,BSIO,47.376,-71.12337
QC,Capitale-Nationale Region,Institut universitaire de cardiologie et de pneumologie de Quebec,,Teaching,48,,,,,,271,319,,BSIO,46.7784985,-71.2965048
QC,Chaudi半e-Appalaches Region,CISSS de Chaudi半e-Appalaches,,NonTeaching,37,22,22,117,,,388,586,14,BSIO,46.555,-70.8308
QC,Cote-Nord Region,CISSS de la Cote-Nord,,NonTeaching,9,21,20,33,,,215,298,1,BSIO,50.0238883,-66.8940262
QC,Estrie Region,CIUSSS de lEstrie-Centre hospitalier universitaire de Sherbrooke,,Teaching,87,56,43,149,24,,833,1192,26,BSIO,45.40008,-71.89908
QC,Gaspesie뒕les-de-la-Madeleine Region,CISSS de la Gaspesie,,NonTeaching,16,18,9,29,,,119,191,4,BSIO,49.2269308,-65.1044298
QC,Gaspesie뒕les-de-la-Madeleine Region,CISSS des 푧es,,NonTeaching,3,3,,4,,,20,30,,BSIO,47.3753516,-61.8680895
QC,Lanaudi半e Region,CISSS de Lanaudi半e,,NonTeaching,47,54,25,152,,,559,837,18,BSIO,46.01840523,-73.44041028
QC,Laurentides Region,CISSS Des Laurentides,,NonTeaching,59,51,28,222,,,685,1045,14,BSIO,45.76600668,-73.99980379
QC,Laval Region,CISSS de Laval,,NonTeaching,28,41,10,60,,,589,728,16,BSIO,45.56995,-73.692
QC,Mauricie et Centre-du-Quebec Region,CIUSSS de la Mauricie-et-du-Centre-du-Quebec,,NonTeaching,51,72,53,146,14,,846,1182,25,BSIO,59.43763,-73.56445
QC,Montreal Region,CIUSSS de lEst-de-l푧e-de-Montreal,,Teaching,79,26,16,267,31,,709,1128,20,BSIO,45.50884,-73.58781
QC,Montreal Region,CIUSSS de lOuest-de-l푧e-de-Montreal,,NonTeaching,34,99,,307,,,392,832,29,BSIO,45.50884,-73.58781
QC,Montreal Region,CIUSSS du Centre-Ouest-de-l푧e-de-Montreal,,Teaching,44,51,,48,,,683,826,34,BSIO,45.50884,-73.58781
QC,Montreal Region,CIUSSS du Centre-Sud-de-l푧e-de-Montreal,,NonTeaching,30,,,36,221,,378,665,,BSIO,45.5242207,-73.5661384
QC,Montreal Region,CIUSSS du Nord-de-l푧e-de-Montreal,,Teaching,70,32,,205,,,625,932,2,BSIO,45.50884,-73.58781
QC,Montreal Region,Centre hospitalier de l뇟niversite de Montreal,,Teaching,79,23,,25,,,531,658,12,BSIO,45.50884,-73.58781
QC,Montreal Region,Centre hospitalier universitaire Sainte-Justine,,Teaching,40,82,152,12,,,,286,65,BSIO,45.5029872,-73.6249541
QC,Montreal Region,Centre universitaire de sante McGill,,Teaching,129,29,68,54,,,556,836,52,BSIO,45.4731346,-73.6019298
QC,Montreal Region,Hop. Marie-Clarac des Soeurs de Charite de Ste-Marie,,NonTeaching,,,,,,,228,228,,BSIO,45.59044818,-73.64878315
QC,Montreal Region,Institut Philippe-Pinel de Montreal,,NonTeaching,,,,268,,,,268,,BSIO,45.654089,-73.532404
QC,Montreal Region,Institut de cardiologie de Montreal,,Teaching,66,,,,,,87,153,,BSIO,45.5738644,-73.5781198
QC,Montreal Region,Villa Medica,,NonTeaching,,,,,,,144,144,,BSIO,44.2364128,11.8711994
QC,Monteregie Region,CISSS de la Monteregie-Centre,,NonTeaching,44,29,24,149,,,603,849,17,BSIO,45.76602153,-74.00067282
QC,Monteregie Region,CISSS de la Monteregie-Est,,NonTeaching,33,48,18,115,10,,661,885,33,BSIO,3.83333,14.16667
QC,Monteregie Region,CISSS de la Monteregie-Ouest,,NonTeaching,18,34,,63,15,,410,540,9,BSIO,45.3459836,-73.7634408
QC,Monteregie Region,Centre hospitalier Kateri Memorial - Tehsakotitsen:tha,,NonTeaching,,,,,,,10,10,,BSIO,45.41577406,-73.68211348
QC,Nord-du-Quebec Region,CRSSS de la Baie-James,,NonTeaching,3,4,,,,,31,38,,BSIO,52.0002,-75.99941
QC,Nunavik Region,Centre de sante Inuulitsivik,,NonTeaching,,,,,,,19,19,,BSIO,58.4529426,-78.1049856
QC,Nunavik Region,Centre de sante Tulattavik de l뇟ngava,,NonTeaching,,,,,,,67,67,,BSIO,58.10704507,-68.40483013
QC,Outaouais Region,CISSS de lOutaouais,,NonTeaching,37,12,20,181,,,523,773,9,BSIO,45.48011828,-75.72207969
QC,Saguenay됣ac-Saint-Jean Region,CIUSSS du Saguenay됣ac-St-Jean,,NonTeaching,40,60,41,110,,,557,808,21,BSIO,47.56494,-52.70931
SK,Cypress Health Region,Cypress Regional Hospital,"G,SMHA",NonTeaching,,,,,,,,79,,RBC,50.3108553,-107.7755767
SK,Cypress Health Region,Herbert and District Integrated Health Facility,G,NonTeaching,,,,,,,,48,,RBC,50.4265063,-107.2174427
SK,Cypress Health Region,Leader and District Integrated Healthcare Facility,G,NonTeaching,,,,,,,,36,,RBC,50.89114609,-109.5399935
SK,Cypress Health Region,Shaunavon Hospital and Care Centre,G,NonTeaching,,,,,,,,54,,RBC,49.65266431,-108.4031438
SK,Cypress Health Region,Southwest Integrated Healthcare Facility,G,NonTeaching,,,,,,,,10,,RBC,49.9031011,-109.4885951
SK,Five Hills Health Region,Assiniboia Union Hospital,G,NonTeaching,,,,,,,17,17,,BDSIO,52.47306,-8.43056
SK,Five Hills Health Region,Central Butte Regency Hospital,G,NonTeaching,,,,,,,5,5,,BDSIO,50.8000105,-106.5087643
SK,Five Hills Health Region,Dr. F.H. Wigmore Regional Hospital,G,NonTeaching,4,7,10,12,,,40,73,,BDSIO,52.47306,-8.43056
SK,Five Hills Health Region,Emmanuel Health - St. Josephs Hospital Foyer d뇣ouville Nursing Home,G,NonTeaching,,,,,,,9,9,,BDSIO,47.2748249.875122258530446,-106.5595626
SK,Heartland Health Region,Biggar and District Health Centre,G,NonTeaching,,,,,,,15,15,,BDSIO,52.05736758,-107.9963784
SK,Heartland Health Region,Davidson Health Centre,G,NonTeaching,,,,,,,6,6,,BDSIO,51.26669844,-105.9832156
SK,Heartland Health Region,Kerrobert and District Health Centre,G,NonTeaching,,,,,,,8,8,,BDSIO,51.91397301,-109.1321413
SK,Heartland Health Region,Kindersley and District Health Centre,G,NonTeaching,,,,,,,26,26,,BDSIO,51.47096123,-109.1639601
SK,Heartland Health Region,Outlook and District Health Centre,G,NonTeaching,,,,,,,13,13,,BDSIO,51.48375933,-107.0619809
SK,Heartland Health Region,Rosetown and District Health Centre,G,NonTeaching,,,,,,,20,20,,BDSIO,51.55110903,-107.9975889
SK,Heartland Health Region,Unity and District Health Centre,G,NonTeaching,,,,,,,11,11,,BDSIO,52.44292207,-109.1725085
SK,Keewatin Yatthe Health Region,La Loche Health Centre,G,NonTeaching,,,,,,,,32,,RBC,56.4912263,-109.450585
SK,Keewatin Yatthe Health Region,St. Josephs Health Centre,G,NonTeaching,,,,,,,,36,,RBC,0.4017369,32.0438981
SK,Kelsey Trail Health Region,Hudson Bay Health Care Facility,G,NonTeaching,,,,,,,5,5,,BDSIO,52.8539111,-102.3875067
SK,Kelsey Trail Health Region,Kelvington Hospital,G,NonTeaching,,,,,,,7,7,,BDSIO,52.1580824,-103.5269033
SK,Kelsey Trail Health Region,Melfort Hospital,G,NonTeaching,,,,,,,24,24,,BDSIO,52.8655126,-104.6146482
SK,Kelsey Trail Health Region,Nipawin Hospital,G,NonTeaching,,,,,,,24,24,,BDSIO,53.3556746,-104.0039956
SK,Kelsey Trail Health Region,Porcupine Carragana Hospital,G,NonTeaching,,,,,,,5,5,,BDSIO,52.47306,-8.43056
SK,Kelsey Trail Health Region,Tisdale Hospital,G,NonTeaching,,,,,,,15,15,,BDSIO,52.47306,-8.43056
SK,Mamawetan Churchill River Health Region,La Ronge Health Centre,G,NonTeaching,,,,,,,,28,,RBC,55.1048495,-105.2897077
SK,Prairie North Health Region,Battlefords Union Hospital and Mental Health Centre - Battlefords Union Hospital,G,NonTeaching,3,15,,,,,48,66,,BSIO,52.47306,-8.43056
SK,Prairie North Health Region,Lloydminster Hospital,G,NonTeaching,,13,,,,,53,66,,BSIO,53.272546,-109.9896773
SK,Prairie North Health Region,Maidstone Health Complex,G,NonTeaching,,,,,,,11,11,,BSIO,53.09113849,-109.2860508
SK,Prairie North Health Region,Northwest Health Facility,G,NonTeaching,,,,,,,32,32,,BSIO,54.1236042,-108.4348967
SK,Prairie North Health Region,Riverside Health Complex,G,NonTeaching,,,,,,,9,9,,BSIO,53.38876545,-108.972593
SK,Prairie North Health Region,Saskatchewan Hospital,SMHA,NonTeaching,,,,284,,,,284,,BSIO,53.6919488,-113.2111939
SK,Prince Albert Parkland Health Region,Parkland Integrated Health Centre,G,NonTeaching,,,,,,,20,20,,BSIO,53.21828644,-106.4007579
SK,Prince Albert Parkland Health Region,Victoria Hospital and Regional Mental Health Centre - Victoria Hospital,G,NonTeaching,8,13,14,39,,,99,173,,BSIO,14.01011,-60.99863
SK,Regina Qu뇌ppelle Health Region,Balcarres Integrated Care Centre,G,NonTeaching,,,,,,,,9,,RBC,50.80332254,-103.5500984
SK,Regina Qu뇌ppelle Health Region,Broadview Union Hospital,G,NonTeaching,,,,,,,16,16,,BSIO,52.47306,-8.43056
SK,Regina Qu뇌ppelle Health Region,Indian Head Hospital,G,NonTeaching,,,,,,,15,15,,BSIO,50.5368796,-103.677955
SK,Regina Qu뇌ppelle Health Region,Pasqua Hospital,G,Teaching,7,,,,,24,220,251,,BSIO,50.4539448,-104.6387029
SK,Regina Qu뇌ppelle Health Region,Regina General Hospital,"G,SMHA,SPed",Teaching,32,36,28,66,,,281,443,25,BSIO,50.4445069,-104.60096
SK,Regina Qu뇌ppelle Health Region,Southeast Integrated Care Centre - Moosomin,G,NonTeaching,,,,,,,23,23,,BSIO,50.1361489,-101.6565851
SK,Regina Qu뇌ppelle Health Region,St. Josephs Integrated Care Centre,G,NonTeaching,,,,,,,,5,,RBC,51.31247169,-103.9814256
SK,Regina Qu뇌ppelle Health Region,Wascana Rehabilitation Centre,R,NonTeaching,,,,37,43,,,80,,BSIO,50.425225,-104.6104659
SK,Regina Qu뇌ppelle Health Region,Wolseley Memorial Integrated Care Centre,G,NonTeaching,,,,,,,14,14,,BSIO,50.4261449,-103.2685297
SK,Saskatoon Health Region,Emmanuel Health - St. Pauls Hospital,"G,SOth",Teaching,10,,,,,,234,244,,BDSIO,52.47306,-8.43056
SK,Saskatoon Health Region,Humboldt District Hospital,"G,SOth",NonTeaching,,,,,,,38,38,,BDSIO,52.47306,-8.43056
SK,Saskatoon Health Region,Lanigan Hospital,G,NonTeaching,,,,,,,8,8,,BDSIO,51.8514003,-105.0249172
SK,Saskatoon Health Region,Rosthern Hospital,G,NonTeaching,,,,,,,19,19,,BDSIO,52.47306,-8.43056
SK,Saskatoon Health Region,Royal University Hospital and Jim Pattison Childrens Hospital,"G,SMHA,SOth,SPed",Teaching,40,57,45,70,,,280,492,44,BDSIO,52.47306,-8.43056
SK,Saskatoon Health Region,Saskatoon City Hospital,"G,R,SOth",Teaching,,,,,35,30,103,168,,BDSIO,52.135784,-106.6544023
SK,Saskatoon Health Region,Wadena Hospital,G,NonTeaching,,,,,,,20,20,,BDSIO,51.9521271,-103.7954734
SK,Saskatoon Health Region,Watrous District Health Complex - Watrous Hospital,G,NonTeaching,,,,,,,8,8,,BDSIO,52.47306,-8.43056
SK,Saskatoon Health Region,Wynyard Integrated Hospital - Site,G,NonTeaching,,,,,,,8,8,,BDSIO,51.76818802,-104.1680259
SK,Sun Country Health Region,Arcola Health Centre,G,NonTeaching,,,,,,,12,12,,BDSIO,49.63784791,-102.4846261
SK,Sun Country Health Region,Emmanuel Health - St. Josephs Hospital (Estevan),G,NonTeaching,,,,,,,,91,,RBC,52.47306,-8.43056
SK,Sun Country Health Region,Kipling Integrated Health Centre,G,NonTeaching,,,,,,,12,12,,BDSIO,50.1010659,-102.6418185
SK,Sun Country Health Region,Redvers Health Centre,G,NonTeaching,,,,,,,6,6,,BDSIO,49.57272474,-101.6934218
SK,Sun Country Health Region,Weyburn General Hospital and Mental Health Centre - Weyburn General Hospital,G,NonTeaching,,,,,,,45,45,,BDSIO,52.47306,-8.43056
SK,Sunrise Health Region,Canora Hospital,G,NonTeaching,,,,,,,16,16,,BSIO,52.47306,-8.43056
SK,Sunrise Health Region,Emmanuel Health - St. Anthonys Hospital,G,NonTeaching,,,,,,,22,22,,BSIO,52.47306,-8.43056
SK,Sunrise Health Region,Emmanuel Health - St. Peters Hospital (Melville),G,NonTeaching,,,,,,,30,30,,BSIO,52.47306,-8.43056
SK,Sunrise Health Region,Kamsack Hospital and Nursing Home,G,NonTeaching,,,,,,,20,20,,BSIO,51.55756442,-101.8869334
SK,Sunrise Health Region,Preeceville and District Health Centre,G,NonTeaching,,,,,,,10,10,,BSIO,51.95705515,-102.6545109
SK,Sunrise Health Region,Yorkton Regional and Mental Health Centre - Yorkton Regional Health Centre,"G,SPed",NonTeaching,6,14,16,,,,64,100,,BDSIO,51.20224661,-102.4795755
YT,Yukon,Dawson City Community Hospital,G,NonTeaching,,,,,,,6,6,,BSIO,64.0566434,-139.4339435
YT,Yukon,Watson Lake Community Hospital,G,NonTeaching,,,,,,,6,6,,BSIO,60.0703464,-128.710372
YT,Yukon,Whitehorse General Hospital,G,NonTeaching,4,,,5,,,54,63,,BDSIO,60.7181137,-135.0437694
